,clientIp
0,147.182.194.6
1,87.251.67.120
4,45.158.15.185
6,193.93.62.5
8,193.93.62.20
9,185.87.120.171
11,103.195.236.138
14,193.93.62.41
23,210.212.229.180
28,142.93.64.26
33,193.93.62.7
36,144.86.173.33
46,128.199.6.175
68,94.232.41.165
72,193.93.62.31
73,193.93.62.33
112,185.202.2.133
164,87.251.67.146
249,193.27.228.151
287,143.244.189.147
310,185.202.2.132
476,144.86.173.78
482,45.141.87.27
563,5.188.86.126
738,188.165.200.30
1340,185.177.26.231
1383,45.146.164.61
1399,195.54.161.31
1415,45.129.136.74
1638,185.202.1.78
1729,5.180.107.26
1746,103.195.236.136
1810,194.110.86.207
1855,147.182.224.144
1894,52.188.69.84
1901,185.202.2.147
2046,23.129.64.141
2082,45.227.255.116
2104,64.227.105.244
2138,218.94.34.54
2251,141.101.196.233
2259,45.154.255.147
2263,207.180.238.101
2407,198.144.121.93
2622,78.128.91.5
2650,164.90.194.153
2654,195.54.161.250
2774,203.150.197.19
2786,74.120.14.37
2907,185.202.2.36
2913,162.142.125.56
2925,194.165.16.4
2953,45.141.84.54
3243,185.202.1.204
3436,23.129.64.159
3472,176.111.173.99
3607,187.189.75.246
3625,185.220.100.252
3741,94.232.41.158
3773,23.129.64.130
3837,23.129.64.146
3848,23.129.64.144
3912,45.227.255.69
3914,80.82.77.234
4034,65.49.20.69
4068,185.202.2.18
4134,91.220.163.20
4309,95.216.40.160
4464,94.232.43.65
4676,167.248.133.37
4989,80.82.77.85
5128,202.21.120.66
5137,94.232.43.62
5206,51.79.251.150
5222,92.118.161.41
5265,89.163.243.88
5368,106.245.140.119
5376,185.202.1.175
5419,103.89.91.156
5438,143.244.186.8
5615,165.22.102.176
5697,144.86.173.131
5699,185.202.1.80
5775,67.211.223.154
5985,185.202.2.23
6250,183.196.65.209
6308,45.146.165.249
6501,23.129.64.142
6553,91.241.19.172
6554,185.219.52.172
6594,185.153.197.217
6663,185.202.1.73
6734,106.75.64.59
6968,23.129.64.164
7199,185.202.1.81
7360,91.220.163.144
7467,192.241.215.139
7502,185.202.2.29
7694,185.220.100.245